Date,Original,Train,Test,Valid
2001-03-04,969.3299999999999,802.667236328125,,
2001-03-11,965.1433333333334,861.9784545898438,,
2001-03-18,954.074,857.9743041992188,,
2001-03-25,997.4699999999999,841.4095458984375,,
2001-04-01,629.8340000000001,893.5740966796875,,
2001-04-08,797.5020000000001,506.5987243652344,,
2001-04-15,1064.248,742.3052368164062,,
2001-04-22,636.4183333333334,1059.64208984375,,
2001-04-29,994.3650000000001,523.9420166015625,,
2001-05-06,1061.435,981.258056640625,,
2001-05-13,935.4699999999999,991.5513916015625,,
2001-05-20,1259.915,836.3843383789062,,
2001-05-27,1480.466666666667,1323.00830078125,,
2001-06-03,1845.6825,1392.9544677734375,,
2001-06-10,2535.55,1831.7613525390625,,
2001-06-17,4288.23,2580.427978515625,,
2001-06-24,4346.25,4334.01953125,,
2001-07-01,6100.04,4296.10791015625,,
2001-07-08,8881.975,6107.4228515625,,
2001-07-15,11663.91,9103.814453125,,
2001-07-22,18959.93,11710.466796875,,
2001-07-29,35127.75,19592.755859375,,
2001-08-05,39868.76,36228.5390625,,
2001-08-12,42896.52,39781.58984375,,
2001-08-19,31532.66,42200.3125,,
2001-08-26,22085.94,30103.771484375,,
2001-09-02,47829.479999999996,20395.9375,,
2001-09-09,41922.66,51906.625,,
2001-09-16,42145.49,41379.05859375,,
2001-09-23,41779.16,38953.89453125,,
2001-09-30,26501.65,39023.046875,,
2001-10-07,18723.93,19007.83203125,,
2001-10-14,30240.8,19407.447265625,,
2001-10-21,28491.05,30149.36328125,,
2001-10-28,17778.85,25315.17578125,,
2001-11-04,10576.43,13929.212890625,,
2001-11-11,8425.86,5729.8955078125,,
2001-11-18,6373.33,3980.86865234375,,
2001-11-25,5573.83,6140.54833984375,,
2001-12-02,4527.463333333334,4780.53759765625,,
2001-12-09,3858.373333333333,1444.225341796875,,
2001-12-16,3370.4375,879.2728881835938,,
2001-12-23,2789.6225,1905.728759765625,,
2001-12-30,2448.6580000000004,1784.8599853515625,,
2002-01-06,2190.115,1792.6661376953125,,
2002-01-13,1863.363333333333,1654.9793701171875,,
2002-01-20,1698.0333333333335,1396.5911865234375,,
2002-01-27,1590.4483333333335,1351.570068359375,,
2002-02-03,1606.1516666666666,1278.010009765625,,
2002-02-10,1590.908333333333,1352.3853759765625,,
2002-02-17,1490.8533333333335,1393.8680419921875,,
2002-02-24,1502.2475,1284.5167236328125,,
2002-03-03,1523.4783333333332,1344.190673828125,,
2002-03-10,1417.6916666666666,1396.8817138671875,,
2002-03-17,1173.9640000000002,1301.6209716796875,,
2002-03-24,1034.0733333333333,1056.5679931640625,,
2002-03-31,994.9975000000001,913.0744018554688,,
2002-04-07,1065.0420000000001,904.5776977539062,,
2002-04-14,1389.1850000000002,993.2601928710938,,
2002-04-21,1145.1283333333333,1327.3583984375,,
2002-04-28,1225.9950000000001,1003.3075561523438,,
2002-05-05,1299.6680000000001,1105.0611572265625,,
2002-05-12,1267.6783333333333,1248.763671875,,
2002-05-19,1415.8950000000002,1183.640625,,
2002-05-26,1620.5125,1427.69580078125,,
2002-06-02,2699.2875,1547.88818359375,,
2002-06-09,2750.0,2703.167724609375,,
2002-06-16,2558.0,2699.9609375,,
2002-06-23,2570.0,2388.379150390625,,
2002-06-30,6264.0,2515.237060546875,,
2002-07-07,6758.0,6482.361328125,,
2002-07-14,16339.0,6888.96630859375,,
2002-07-21,19157.0,16863.1328125,,
2002-07-28,16617.0,19337.720703125,,
2002-08-04,39750.0,15380.88671875,,
2002-08-11,40054.31,42031.703125,,
2002-08-18,38207.155,39863.828125,,
2002-08-25,36360.0,37132.0546875,,
2002-09-01,40980.0,36816.2734375,,
2002-09-08,30385.235,38570.984375,,
2002-09-15,19790.47,31282.50390625,,
2002-09-22,32840.11,17706.15625,,
2002-09-29,28538.54,31775.21484375,,
2002-10-06,29325.25,25434.251953125,,
2002-10-13,17129.52,26885.11328125,,
2002-10-20,11611.16,13429.623046875,,
2002-10-27,9429.7,5649.6015625,,
2002-11-03,7560.54,9776.00390625,,
2002-11-10,633.42,5662.1611328125,,
2002-11-17,5491.62,-1399.1534423828125,,
2002-11-24,3821.06,2691.828369140625,,
2002-12-01,3689.0550000000003,1373.2030029296875,,
2002-12-08,3439.9325,1780.1712646484375,,
2002-12-15,3190.81,2998.36767578125,,
2002-12-22,2334.69,1243.220947265625,,
2002-12-29,1957.95,2423.730224609375,,
2003-01-05,1704.75,1741.784423828125,,
2003-01-12,1420.17,1338.054931640625,,
2003-01-19,1399.19,1127.6514892578125,,
2003-01-26,1306.1425,1177.5804443359375,,
2003-02-02,1213.095,991.68017578125,,
2003-02-09,1209.87,945.484619140625,,
2003-02-16,1255.84,1044.087646484375,,
2003-02-23,1301.81,1100.484375,,
2003-03-02,1308.02,1197.853515625,,
2003-03-09,1422.91,1212.6478271484375,,
2003-03-16,1205.75,1332.3994140625,,
2003-03-23,988.59,1105.3397216796875,,
2003-03-30,985.18,890.9329223632812,,
2003-04-06,1074.47,933.6786499023438,,
2003-04-13,1066.3,1011.0325317382812,,
2003-04-20,898.7,1013.2084350585938,,
2003-04-27,920.945,785.8169555664062,,
2003-05-04,943.19,805.5393676757812,,
2003-05-11,1260.12,875.8242797851562,,
2003-05-18,1420.12,1238.8497314453125,,
2003-05-25,1374.91,1390.677001953125,,
2003-06-01,1389.05,1265.7821044921875,,
2003-06-08,1762.64,1323.1510009765625,,
2003-06-15,1745.53,1734.0609130859375,,
2003-06-22,2867.38,1726.101318359375,,
2003-06-29,4519.39,2914.759033203125,,
2003-07-06,7188.27,4602.3837890625,,
2003-07-13,16809.93,7252.66064453125,,
2003-07-20,26031.79,17553.09375,,
2003-07-27,27146.47,26631.423828125,,
2003-08-03,27083.71,26682.623046875,,
2003-08-10,27102.27,26621.88671875,,
2003-08-17,27087.11,26780.630859375,,
2003-08-24,27063.53,27521.625,,
2003-08-31,42125.435,27833.06640625,,
2003-09-07,40585.68,42534.82421875,,
2003-09-14,41062.04,38800.76953125,,
2003-09-21,57252.69,38205.984375,,
2003-09-28,57099.7,57188.125,,
2003-10-05,49335.47,54331.8359375,,
2003-10-12,41571.24,47806.75,,
2003-10-19,34996.78,39219.73828125,,
2003-10-26,20629.43,30930.138671875,,
2003-11-02,12503.51,19008.478515625,,
2003-11-09,12141.12,9748.0498046875,,
2003-11-16,11414.45,8329.0791015625,,
2003-11-23,10906.77,6921.41943359375,,
2003-11-30,6314.56,7241.16357421875,,
2003-12-07,5498.216666666667,1599.8074951171875,,
2003-12-14,4773.954,1742.2484130859375,,
2003-12-21,4064.2186666666666,3469.43359375,,
2003-12-28,3354.4833333333336,3027.86376953125,,
2004-01-04,2697.67,2700.7509765625,,
2004-01-11,2404.42,1319.1014404296875,,
2004-01-18,2353.27,1538.995849609375,,
2004-01-25,2223.955,1886.3955078125,,
2004-02-01,2137.25,1789.7532958984375,,
2004-02-08,2322.42,1744.608154296875,,
2004-02-15,2271.915,1997.110595703125,,
2004-02-22,1759.2199999999998,2007.2613525390625,,
2004-02-29,1629.8,1522.195068359375,,
2004-03-07,1416.2849999999999,1452.8414306640625,,
2004-03-14,1191.945,1252.5799560546875,,
2004-03-21,1212.695,1052.46142578125,,
2004-03-28,965.9649999999999,1115.5189208984375,,
2004-04-04,1006.6433333333334,745.41650390625,,
2004-04-11,1128.025,846.0857543945312,,
2004-04-18,1141.9450000000002,1030.0064697265625,,
2004-04-25,1104.645,1001.8031005859375,,
2004-05-02,1098.395,1023.8477172851562,,
2004-05-09,1104.1,993.23388671875,,
2004-05-16,1089.9833333333333,1029.7454833984375,,
2004-05-23,932.78,1049.2174072265625,,
2004-05-30,2056.54,866.397216796875,,
2004-06-06,2412.92,2083.059326171875,,
2004-06-13,2343.25,2396.44287109375,,
2004-06-20,2704.68,2200.043701171875,,
2004-06-27,2671.9,2678.448486328125,,
2004-07-04,2701.8,2526.586181640625,,
2004-07-11,9996.62,2739.08447265625,,
2004-07-18,21043.79,10652.8359375,,
2004-07-25,37586.73,21915.052734375,,
2004-08-01,37705.75,38545.078125,,
2004-08-08,31907.37,37142.53515625,,
2004-08-15,29975.96,29886.8359375,,
2004-08-22,29952.52,30155.408203125,,
2004-08-29,34531.71,30627.212890625,,
2004-09-05,37259.33,36569.47265625,,
2004-09-12,31778.0,36632.9296875,,
2004-09-19,27977.0,27767.732421875,,
2004-09-26,22467.0,24555.919921875,,
2004-10-03,18992.0,19829.580078125,,
2004-10-10,19561.59,17124.36328125,,
2004-10-17,28409.11,18552.59765625,,
2004-10-24,15290.29,26453.62109375,,
2004-10-31,11161.13,11325.00390625,,
2004-11-07,7691.26,7334.99658203125,,
2004-11-14,6047.165,5890.35888671875,,
2004-11-21,5411.089333333333,3786.642578125,,
2004-11-28,4775.013666666667,6193.7861328125,,
2004-12-05,4138.938,2032.2083740234375,,
2004-12-12,3573.481666666667,1632.9615478515625,,
2004-12-19,3184.018,2088.141845703125,,
2004-12-26,2554.134,2188.091796875,,
2005-01-02,2097.2883333333334,1932.2259521484375,,
2005-01-09,1930.3016666666665,1604.722900390625,,
2005-01-16,1642.9733333333336,1524.06689453125,,
2005-01-23,1431.0866666666668,1255.3759765625,,
2005-01-30,1285.416,1117.166015625,,
2005-02-06,1387.152,990.474609375,,
2005-02-13,1372.364,1135.57373046875,,
2005-02-20,1378.404,1202.482421875,,
2005-02-27,1188.284,1208.693115234375,,
2005-03-06,1011.184,1030.3946533203125,,
2005-03-13,970.7183333333334,862.5739135742188,,
2005-03-20,1020.2766666666666,903.4007568359375,,
2005-03-27,926.7075000000001,953.7213134765625,,
2005-04-03,753.626,846.6892700195312,,
2005-04-10,1055.8760000000002,636.5062255859375,,
2005-04-17,938.262,980.7401733398438,,
2005-04-24,781.8216666666667,859.5479736328125,,
2005-05-01,1000.1899999999999,697.5364990234375,,
2005-05-08,928.402,975.5529174804688,,
2005-05-15,1059.9383333333333,830.1685791015625,,
2005-05-22,1099.362,1046.3651123046875,,
2005-05-29,1126.875,1071.276611328125,,
2005-06-05,1158.6,1022.1196899414062,,
2005-06-12,1124.83,1140.335693359375,,
2005-06-19,1230.78,1063.76904296875,,
2005-06-26,1064.15,1194.8037109375,,
2005-07-03,4592.68,1006.33056640625,,
2005-07-10,4491.05,4830.552734375,,
2005-07-17,20268.52,4473.2392578125,,
2005-07-24,27829.77,21324.263671875,,
2005-07-31,37322.08,28678.705078125,,
2005-08-07,25872.29,36860.47265625,,
2005-08-14,23862.97,25185.873046875,,
2005-08-21,37317.25,22047.421875,,
2005-08-28,42306.57,40709.2578125,,
2005-09-04,43619.99,43055.953125,,
2005-09-11,34133.39,43530.8359375,,
2005-09-18,21378.82,30054.974609375,,
2005-09-25,18881.36,16323.3046875,,
2005-10-02,19187.17,18832.2890625,,
2005-10-09,20105.31,18925.392578125,,
2005-10-16,19719.73,18345.451171875,,
2005-10-23,15048.35,16260.3359375,,
2005-10-30,10887.17,9905.65625,,
2005-11-06,8869.915,7646.45849609375,,
2005-11-13,7460.783333333334,7424.6328125,,
2005-11-20,6051.651666666667,6342.98681640625,,
2005-11-27,4642.52,4897.05908203125,,
2005-12-04,4129.6900000000005,2810.610107421875,,
2005-12-11,4188.66,2293.28125,,
2005-12-18,3257.09,2988.32421875,,
2005-12-25,2796.652,2313.960205078125,,
2006-01-01,2412.0414285714287,2012.8829345703125,,
2006-01-08,2032.6016666666667,1757.61279296875,,
2006-01-15,1769.155,1508.635009765625,,
2006-01-22,1462.1,1508.4000244140625,,
2006-01-29,1343.248,1081.114501953125,,
2006-02-05,1303.4483333333333,1012.1423950195312,,
2006-02-12,1195.3066666666666,1066.7781982421875,,
2006-02-19,1144.8733333333332,966.44580078125,,
2006-02-26,1079.5480000000002,963.9894409179688,,
2006-03-05,1011.1033333333335,914.0968017578125,,
2006-03-12,932.6400000000003,877.7598876953125,,
2006-03-19,1082.73,839.1173095703125,,
2006-03-26,1031.304,1005.3699340820312,,
2006-04-02,583.2900000000001,949.8888549804688,,
2006-04-09,1061.4783333333332,456.50225830078125,,
2006-04-16,952.5519999999999,1032.7454833984375,,
2006-04-23,514.67,892.8399047851562,,
2006-04-30,846.0300000000001,398.9726257324219,,
2006-05-07,992.594,858.4781494140625,,
2006-05-14,749.058,881.7296752929688,,
2006-05-21,1073.256666666667,704.0723876953125,,
2006-05-28,1101.1616666666669,1087.2115478515625,,
2006-06-04,1196.4966666666667,983.7384643554688,,
2006-06-11,3279.63,1153.89697265625,,
2006-06-18,5014.82,3481.94873046875,,
2006-06-25,7550.7,5082.86474609375,,
2006-07-02,4768.75,7633.6728515625,,
2006-07-09,7804.93,4440.79736328125,,
2006-07-16,10721.43,7724.03759765625,,
2006-07-23,20658.09,11341.7294921875,,
2006-07-30,23231.5,21314.119140625,,
2006-08-06,23603.98,23741.115234375,,
2006-08-13,27052.23,22190.23046875,,
2006-08-20,26787.44,27050.333984375,,
2006-08-27,26631.19,26288.271484375,,
2006-09-03,33874.56,27045.55078125,,
2006-09-10,37009.9,34287.80859375,,
2006-09-17,36713.2,35786.71875,,
2006-09-24,36268.63,35101.8359375,,
2006-10-01,27465.06,34543.13671875,,
2006-10-08,25957.35666666667,24409.650390625,,
2006-10-15,19319.7,24656.94921875,,
2006-10-22,17767.34,17974.2890625,,
2006-10-29,16234.62,15160.3779296875,,
2006-11-05,15592.81,14425.2021484375,,
2006-11-12,11268.18,11863.52734375,,
2006-11-19,5448.37,8555.8662109375,,
2006-11-26,4487.5,2206.62060546875,,
2006-12-03,4142.293333333332,2631.407958984375,,
2006-12-10,3628.2283333333326,2883.7041015625,,
2006-12-17,3053.8416666666667,2472.4853515625,,
2006-12-24,2595.5333333333333,1674.25390625,,
2006-12-31,2307.7140000000004,739.2949829101562,,
2007-01-07,1613.8433333333332,1356.257080078125,,
2007-01-14,1255.162,1177.1392822265625,,
2007-01-21,1221.1316666666667,890.5853271484375,,
2007-01-28,1225.9333333333334,925.151123046875,,
2007-02-04,1179.755,945.8148193359375,,
2007-02-11,1118.821666666667,971.0283203125,,
2007-02-18,1040.3550000000002,870.9906005859375,,
2007-02-25,1409.734,833.7769775390625,,
2007-03-04,1490.1200000000001,1334.85302734375,,
2007-03-11,1445.325,1432.85302734375,,
2007-03-18,1285.635,1341.263916015625,,
2007-03-25,1210.371666666667,1196.72314453125,,
2007-04-01,1153.5049999999999,1102.062744140625,,
2007-04-08,1207.3300000000002,1134.689208984375,,
2007-04-15,1373.3659999999998,1171.0361328125,,
2007-04-22,1442.285,1309.954833984375,,
2007-04-29,1355.1566666666665,1336.8270263671875,,
2007-05-06,1259.3674999999998,1241.6959228515625,,
2007-05-13,1161.715,1159.76904296875,,
2007-05-20,1404.6499999999999,1083.185791015625,,
2007-05-27,1675.3799999999999,1379.5472412109375,,
2007-06-03,2048.7299999999996,1650.8170166015625,,
2007-06-10,2039.58,1977.865234375,,
2007-06-17,2263.84,1933.7874755859375,,
2007-06-24,4296.06,2152.075927734375,,
2007-07-01,7388.63,4421.1806640625,,
2007-07-08,6429.705,7608.84912109375,,
2007-07-15,7012.5625,6214.74462890625,,
2007-07-22,7595.42,6773.5673828125,,
2007-07-29,26144.36,7545.82763671875,,
2007-08-05,37442.02,27647.19921875,,
2007-08-12,54216.79,38932.7578125,,
2007-08-19,41249.25,54154.08203125,,
2007-08-26,42236.27,39437.7734375,,
2007-09-02,41425.99,39759.921875,,
2007-09-09,39902.89,43820.72265625,,
2007-09-16,42390.63,39556.19921875,,
2007-09-23,46362.98,44040.265625,,
2007-09-30,39658.63,42632.921875,,
2007-10-07,29938.67,35170.609375,,
2007-10-14,30906.48,25944.55859375,,
2007-10-21,22174.49,28106.12890625,,
2007-10-28,17731.2,19107.64453125,,
2007-11-04,16317.3,15208.201171875,,
2007-11-11,9900.09,13582.81640625,,
2007-11-18,5859.81,4789.8330078125,,
2007-11-25,5291.5025000000005,3262.95166015625,,
2007-12-02,4723.195,2659.84033203125,,
2007-12-09,3979.5,2057.683349609375,,
2007-12-16,3612.6499999999996,2500.814208984375,,
2007-12-23,3092.4533333333334,1766.0794677734375,,
2007-12-30,2419.94,1378.392578125,,
2008-01-06,1956.625,1599.2691650390625,,
2008-01-13,1690.4350000000002,1505.5322265625,,
2008-01-20,1492.7780000000002,1257.8587646484375,,
2008-01-27,1210.74,1148.5963134765625,,
2008-02-03,1420.476,897.0228881835938,,
2008-02-10,1441.5916666666665,1138.2528076171875,,
2008-02-17,1138.7533333333333,1204.4429931640625,,
2008-02-24,1053.8780000000002,908.4453125,,
2008-03-02,1032.5000000000002,910.89453125,,
2008-03-09,923.0316666666666,891.536865234375,,
2008-03-16,965.7783333333333,844.144775390625,,
2008-03-23,1049.138333333333,920.8596801757812,,
2008-03-30,649.27,942.564208984375,,
2008-04-06,667.2083333333333,508.6689147949219,,
2008-04-13,990.2800000000001,596.28271484375,,
2008-04-20,588.876,968.167724609375,,
2008-04-27,750.195,487.4269104003906,,
2008-05-04,993.9739999999999,724.4732666015625,,
2008-05-11,657.7066666666668,941.8792114257812,,
2008-05-18,771.9483333333334,528.24365234375,,
2008-05-25,1010.316,801.605224609375,,
2008-06-01,1070.6060000000002,965.6721801757812,,
2008-06-08,1141.33,1008.1661376953125,,
2008-06-15,1725.27,1161.84033203125,,
2008-06-22,2360.43,1688.716064453125,,
2008-06-29,14881.01,2356.901611328125,,
2008-07-06,18644.99,15933.9189453125,,
2008-07-13,26764.11,19032.208984375,,
2008-07-20,27010.91,26604.236328125,,
2008-07-27,28101.0,27090.541015625,,
2008-08-03,32463.69,26953.533203125,,
2008-08-10,30951.99,34315.55859375,,
2008-08-17,29805.96,30770.056640625,,
2008-08-24,43258.81,29500.0390625,,
2008-08-31,49784.04,43373.03515625,,
2008-09-07,49564.03,48539.9140625,,
2008-09-14,41357.885,47507.23828125,,
2008-09-21,31151.8425,38453.53125,,
2008-09-28,20945.8,27035.90625,,
2008-10-05,30082.53,19692.79296875,,
2008-10-12,29784.07,30254.14453125,,
2008-10-19,18517.31,27887.09375,,
2008-10-26,14360.985,12824.0068359375,,
2008-11-02,10204.66,9845.07421875,,
2008-11-09,8770.76,5603.44775390625,,
2008-11-16,5774.095,7595.85302734375,,
2008-11-23,5497.172500000001,5034.3330078125,,
2008-11-30,5220.25,2136.451904296875,,
2008-12-07,4175.363333333335,2876.451904296875,,
2008-12-14,3463.3833333333328,2250.412841796875,,
2008-12-21,3141.5200000000004,2365.8251953125,,
2008-12-28,2706.2140000000004,2073.312255859375,,
2009-01-04,2029.9900000000005,2036.2362060546875,,
2009-01-11,2132.204,1610.1158447265625,,
2009-01-18,1628.9499999999998,1689.187255859375,,
2009-01-25,1506.8749999999998,1183.9876708984375,,
2009-02-01,1534.3960000000002,1168.468994140625,,
2009-02-08,1294.6966666666667,1323.516357421875,,
2009-02-15,1167.7166666666667,963.81640625,,
2009-02-22,1033.9859999999999,1011.2591552734375,,
2009-03-01,1004.9183333333334,850.6786499023438,,
2009-03-08,918.495,844.2664794921875,,
2009-03-15,922.628,833.351318359375,,
2009-03-22,1046.56,805.3888549804688,,
2009-03-29,755.8980000000001,956.791015625,,
2009-04-05,687.3033333333333,634.6138916015625,,
2009-04-12,956.1949999999998,601.3770751953125,,
2009-04-19,702.38,928.9111938476562,,
2009-04-26,716.9499999999999,615.6272583007812,,
2009-05-03,1026.5116666666665,680.012451171875,,
2009-05-10,735.085,991.3124389648438,,
2009-05-17,846.3366666666665,616.3889770507812,,
2009-05-24,942.2233333333334,843.7171020507812,,
2009-05-31,1253.2083333333333,910.4436645507812,,
2009-06-07,2325.77,1192.708984375,,
2009-06-14,1836.56,2441.394287109375,,
2009-06-21,1718.82,1706.5345458984375,,
2009-06-28,1605.56,1584.7044677734375,,
2009-07-05,1889.6,1603.7509765625,,
2009-07-12,6324.07,1837.8887939453125,,
2009-07-19,7615.425,6841.40673828125,,
2009-07-26,7606.0225,7631.625,,
2009-08-02,7596.62,7165.58837890625,,
2009-08-09,18501.73,7448.61767578125,,
2009-08-16,22258.91,19119.349609375,,
2009-08-23,26016.09,23103.0546875,,
2009-08-30,38600.84,25761.806640625,,
2009-09-06,35998.85,39287.27734375,,
2009-09-13,24071.37,34502.37109375,,
2009-09-20,22560.82,22932.1796875,,
2009-09-27,19713.46,22602.62109375,,
2009-10-04,16866.1,18641.5625,,
2009-10-11,15428.4375,16785.84765625,,
2009-10-18,13990.775,14200.5224609375,,
2009-10-25,12553.1125,9784.1328125,,
2009-11-01,11115.45,9788.7373046875,,
2009-11-08,9187.963333333333,9160.5810546875,,
2009-11-15,7260.476666666667,7189.4619140625,,
2009-11-22,5332.99,5642.76025390625,,
2009-11-29,4443.944166666666,3963.646484375,,
2009-12-06,3554.898333333333,3255.52490234375,,
2009-12-13,2982.2433333333333,2508.912841796875,,
2009-12-20,2585.44,1930.525390625,,
2009-12-27,2120.5566666666664,1667.68212890625,,
2010-01-03,1688.6359999999997,1245.591796875,,
2010-01-10,1438.2033333333331,1082.7769775390625,,
2010-01-17,1254.1466666666665,983.2833251953125,,
2010-01-24,1166.863333333333,895.9898071289062,,
2010-01-31,1060.1016666666667,899.9983520507812,,
2010-02-07,1042.345,822.7530517578125,,
2010-02-14,1018.7116666666666,827.0641479492188,,
2010-02-21,963.692,859.69873046875,,
2010-02-28,930.0200000000001,830.5206298828125,,
2010-03-07,826.4016666666666,832.931884765625,,
2010-03-14,857.5116666666667,731.1290283203125,,
2010-03-21,942.7279999999997,789.232666015625,,
2010-03-28,700.1850000000001,895.3385620117188,,
2010-04-04,493.0216666666666,610.153076171875,,
2010-04-11,718.4583333333334,410.4975280761719,,
2010-04-18,705.6088888888889,682.8857421875,,
2010-04-25,623.2199999999999,660.614013671875,,
2010-05-02,901.6139999999999,578.9109497070312,,
2010-05-09,749.2266666666668,865.2537841796875,,
2010-05-16,686.065,645.8538208007812,,
2010-05-23,876.7683333333334,650.7852172851562,,
2010-05-30,873.4219999999999,892.8370361328125,,
2010-06-06,985.78,809.5798950195312,,
2010-06-13,953.81,990.5524291992188,,
2010-06-20,1541.76,912.4581298828125,,
2010-06-27,2129.71,1512.142333984375,,
2010-07-04,5415.705,2176.02197265625,,
2010-07-11,8701.7,5626.80029296875,,
2010-07-18,10224.79,8961.2587890625,,
2010-07-25,11747.88,10094.78515625,,
2010-08-01,15825.656666666666,11726.86328125,,
2010-08-08,19903.433333333334,15979.6474609375,,
2010-08-15,23981.21,20363.775390625,,
2010-08-22,22010.01,24376.634765625,,
2010-08-29,25492.06,21467.869140625,,
2010-09-05,39655.02,24948.068359375,,
2010-09-12,40275.58,40727.0234375,,
2010-09-19,38922.13,39718.57421875,,
2010-09-26,38545.58,37562.859375,,
2010-10-03,38169.03,36927.3203125,,
2010-10-10,27551.19,36097.140625,,
2010-10-17,16933.35,26973.17578125,,
2010-10-24,14067.154999999999,14490.32421875,,
2010-10-31,11200.96,11501.140625,,
2010-11-07,9276.0,8569.4765625,,
2010-11-14,7351.04,6977.3505859375,,
2010-11-21,6365.23,3887.830322265625,,
2010-11-28,5007.16,2326.508056640625,,
2010-12-05,3649.090000000001,2732.992919921875,,
2010-12-12,3152.0499999999997,2083.158203125,,
2010-12-19,2721.3199999999997,2029.4881591796875,,
2010-12-26,2368.693333333333,1756.8653564453125,,
2011-01-02,1987.998,1637.4444580078125,,
2011-01-09,1784.7549999999999,1364.4764404296875,,
2011-01-16,1511.805,1181.5968017578125,,
2011-01-23,1411.8633333333335,1112.472900390625,,
2011-01-30,1339.5583333333334,1123.5078125,,
2011-02-06,1073.521666666667,1111.2125244140625,,
2011-02-13,1100.3883333333333,831.650146484375,,
2011-02-20,1063.532,935.9669189453125,,
2011-02-27,1011.0880000000001,918.2866821289062,,
2011-03-06,1005.8233333333333,875.0352172851562,,
2011-03-13,1003.5333333333333,921.0927124023438,,
2011-03-20,1054.1039999999998,882.110107421875,,
2011-03-27,1057.594,979.4848022460938,,
2011-04-03,921.3083333333335,994.8240356445312,,
2011-04-10,995.9149999999998,834.7329711914062,,
2011-04-17,934.814,938.8963623046875,,
2011-04-24,820.7350000000001,877.6646728515625,,
2011-05-01,954.2700000000001,751.2568359375,,
2011-05-08,894.0233333333334,922.5675659179688,,
2011-05-15,868.4983333333331,812.5792846679688,,
2011-05-22,1033.3880000000001,805.3812255859375,,
2011-05-29,1072.6399999999999,1002.4794921875,,
2011-06-05,1245.995,996.7466430664062,,
2011-06-12,1582.34,1217.4544677734375,,
2011-06-19,2160.45,1564.507080078125,,
2011-06-26,2738.56,2134.54345703125,,
2011-07-03,10124.69,2744.88037109375,,
2011-07-10,17510.82,10688.7353515625,,
2011-07-17,25884.97,18142.240234375,,
2011-07-24,19097.75,26155.560546875,,
2011-07-31,26272.99,18219.068359375,,
2011-08-07,37774.68,25931.548828125,,
2011-08-14,36706.14,39835.77734375,,
2011-08-21,38751.29,36464.90234375,,
2011-08-28,48113.49,39237.88671875,,
2011-09-04,41610.9,46777.62890625,,
2011-09-11,37184.63,39314.52734375,,
2011-09-18,30584.47,36509.5390625,,
2011-09-25,36667.77,28625.919921875,,
2011-10-02,44928.3,34320.84375,,
2011-10-09,47132.79,45185.10546875,,
2011-10-16,36374.38,43710.42578125,,
2011-10-23,18409.45,31445.728515625,,
2011-10-30,10269.58,12545.36328125,,
2011-11-06,8583.46,7748.08251953125,,
2011-11-13,6740.14,8229.9384765625,,
2011-11-20,6032.66,5274.23095703125,,
2011-11-27,5762.5,2530.64794921875,,
2011-12-04,4213.2300000000005,554.6989135742188,,
2011-12-11,3647.226000000001,371.80810546875,,
2011-12-18,3177.25,2110.02001953125,,
2011-12-25,2999.1400000000003,2304.080322265625,,
2012-01-01,2680.443333333333,2299.643310546875,,
2012-01-08,2644.806666666667,2267.65087890625,,
2012-01-15,2466.7183333333332,2059.83447265625,,
2012-01-22,2493.385,2015.0096435546875,,
2012-01-29,2427.9133333333334,2150.4267578125,,
2012-02-05,2415.6380000000004,2182.53564453125,,
2012-02-12,2195.8383333333336,2157.032470703125,,
2012-02-19,2104.726666666667,1987.3671875,,
2012-02-26,1942.368,1893.6048583984375,,
2012-03-04,1612.07,1775.00634765625,,
2012-03-11,1389.0699999999997,1415.9681396484375,,
2012-03-18,1196.408,1225.349853515625,,
2012-03-25,1052.6399999999999,1015.56591796875,,
2012-04-01,986.616,885.8655395507812,,
2012-04-08,1094.3183333333332,845.5049438476562,,
2012-04-15,1186.512,942.8314819335938,,
2012-04-22,1264.125,1052.84375,,
2012-04-29,1226.6516666666666,1144.313232421875,,
2012-05-06,1242.9375,1118.6312255859375,,
2012-05-13,1225.1050000000002,1152.2591552734375,,
2012-05-20,1148.736666666667,1174.31982421875,,
2012-05-27,1192.745,1092.2198486328125,,
2012-06-03,1178.4924999999998,1147.2054443359375,,
2012-06-10,1193.38,1106.979248046875,,
2012-06-17,1916.74,1117.1678466796875,,
2012-06-24,2062.73,1911.1864013671875,,
2012-07-01,2305.85,1993.9583740234375,,
2012-07-08,6406.25,2213.554931640625,,
2012-07-15,6361.03,6699.87939453125,,
2012-07-22,8768.2,6269.51171875,,
2012-07-29,19287.54,8726.6298828125,,
2012-08-05,12649.565,20252.7578125,,
2012-08-12,24977.43,11666.2939453125,,
2012-08-19,15053.625,25749.96484375,,
2012-08-26,25711.76,14705.7685546875,,
2012-09-02,22287.93,24793.662109375,,
2012-09-09,32303.775,24419.533203125,,
2012-09-16,30665.72,30086.912109375,,
2012-09-23,30188.3,31920.615234375,,
2012-09-30,43491.16,26673.099609375,,
2012-10-07,32389.98,44731.71484375,,
2012-10-14,21205.52,29547.1171875,,
2012-10-21,14225.5,18835.91796875,,
2012-10-28,9071.62,12898.04296875,,
2012-11-04,7940.0,5888.33056640625,,
2012-11-11,6381.1,8367.1064453125,,
2012-11-18,5890.32,3746.843994140625,,
2012-11-25,5735.48,1611.5753173828125,,
2012-12-02,3921.863333333333,2819.98193359375,,
2012-12-09,2957.0783333333334,1601.2091064453125,,
2012-12-16,2785.285,1762.522705078125,,
2012-12-23,4141.77,2067.962646484375,,
2012-12-30,3235.2033333333334,3669.433349609375,,
2013-01-06,2328.6366666666663,2818.886962890625,,
2013-01-13,1422.07,1568.25439453125,,
2013-01-20,1279.8783333333333,894.8652954101562,,
2013-01-27,1244.39,917.2559204101562,,
2013-02-03,1169.6166666666666,1323.572509765625,,
2013-02-10,1268.055,926.3812255859375,,
2013-02-17,1205.6133333333335,925.8978881835938,,
2013-02-24,1160.664,870.1548461914062,,
2013-03-03,1639.7416666666668,970.548828125,,
2013-03-10,1768.7016666666666,1598.652587890625,,
2013-03-17,1526.962,1692.9171142578125,,
2013-03-24,1322.2583333333332,1416.3359375,,
2013-03-31,1054.1,1229.7467041015625,,
2013-04-07,988.4766666666666,933.8024291992188,,
2013-04-14,956.4959999999999,971.7286987304688,,
2013-04-21,945.9816666666667,936.5501098632812,,
2013-04-28,974.6766666666666,824.39501953125,,
2013-05-05,1018.4219999999999,854.0924682617188,,
2013-05-12,1104.0983333333334,894.6998901367188,,
2013-05-19,1140.385,1020.2056274414062,,
2013-05-26,1036.8719999999998,1076.646484375,,
2013-06-02,1052.7775,963.3177490234375,,
2013-06-09,2737.46,999.0328369140625,,
2013-06-16,4667.18,2838.728271484375,,
2013-06-23,4366.79,4802.6572265625,,
2013-06-30,6666.91,4202.505859375,,
2013-07-07,26776.72666666667,6690.75048828125,,
2013-07-14,25013.7,28431.595703125,,
2013-07-21,40034.36,24942.763671875,,
2013-07-28,34469.37,40268.35546875,,
2013-08-04,39988.47,34313.5546875,,
2013-08-11,23451.1,38074.00390625,,
2013-08-18,47326.65666666667,25250.640625,,
2013-08-25,49051.24,47344.8203125,,
2013-09-01,51638.119999999995,51114.7890625,,
2013-09-08,54225.0,47315.92578125,,
2013-09-15,53741.48,53782.921875,,
2013-09-22,27219.83,47531.5390625,,
2013-09-29,15712.84,24860.1171875,,
2013-10-06,10964.04,13250.9189453125,,
2013-10-13,10081.29,9086.1767578125,,
2013-10-20,11826.26,7175.80126953125,,
2013-10-27,20687.66,10129.0234375,,
2013-11-03,13149.987500000001,14883.5009765625,,
2013-11-10,11388.653333333334,7171.28759765625,,
2013-11-17,8149.78,8007.6044921875,,
2013-11-24,7102.92,7156.8125,,
2013-12-01,5606.705,5841.43603515625,,
2013-12-08,5045.408333333334,6632.5576171875,,
2013-12-15,4701.8983333333335,3393.025634765625,,
2013-12-22,4301.742,3196.209228515625,,
2013-12-29,3579.715,2981.525634765625,,
2014-01-05,2819.9739999999997,2659.906005859375,,
2014-01-12,2422.1516666666666,2034.7359619140625,,
2014-01-19,2198.4660000000003,1865.792724609375,,
2014-01-26,2355.606,1805.1510009765625,,
2014-02-02,2577.7516666666666,2027.419677734375,,
2014-02-09,2545.8033333333333,2237.898681640625,,
2014-02-16,2347.0516666666667,2158.606201171875,,
2014-02-23,2225.9266666666667,2032.8818359375,,
2014-03-02,2163.6966666666667,1990.97607421875,,
2014-03-09,2203.0583333333334,2016.735595703125,,
2014-03-16,2438.891666666667,2102.158935546875,,
2014-03-23,2303.944,2320.61962890625,,
2014-03-30,1931.408,2104.218505859375,,
2014-04-06,1805.0616666666665,1703.0516357421875,,
2014-04-13,1685.2983333333334,1640.3404541015625,,
2014-04-20,1456.318,1541.914794921875,,
2014-04-27,1458.305,1337.840576171875,,
2014-05-04,1402.694,1329.101318359375,,
2014-05-11,1575.564285714286,1209.966796875,,
2014-05-18,1431.5219999999997,1423.3731689453125,,
2014-05-25,1651.8083333333332,1299.417724609375,,
2014-06-01,1582.225,1511.4683837890625,,
2014-06-08,2617.17,1487.3089599609375,,
2014-06-15,2503.4,2581.2529296875,,
2014-06-22,2780.64,2455.080810546875,,
2014-06-29,2953.34,2616.91357421875,,
2014-07-06,4514.48,2933.83935546875,,
2014-07-13,8964.67,4470.57861328125,,
2014-07-20,8833.95,9401.8583984375,,
2014-07-27,11231.29,8648.587890625,,
2014-08-03,15178.21,11028.37109375,,
2014-08-10,14828.18,15406.6298828125,,
2014-08-17,19726.21,14416.3466796875,,
2014-08-24,39978.16,20357.119140625,,
2014-08-31,42520.59,41468.45703125,,
2014-09-07,32975.26,42060.55859375,,
2014-09-14,21845.54,30894.921875,,
2014-09-21,19574.23,19933.5390625,,
2014-09-28,21835.745000000003,18242.234375,,
2014-10-05,19085.48,24108.40234375,,
2014-10-12,14794.985,18622.5078125,,
2014-10-19,10504.49,10899.3623046875,,
2014-10-26,10442.64,5915.06982421875,,
2014-11-02,10640.84,7751.875,,
2014-11-09,8462.58,9790.58984375,,
2014-11-16,7026.58,6776.34814453125,,
2014-11-23,5687.79,5026.8046875,,
2014-11-30,4744.45,3768.564697265625,,
2014-12-07,3823.2100000000005,3606.708251953125,,
2014-12-14,3289.8783333333326,3237.569580078125,,
2014-12-21,3024.8679999999995,2358.92041015625,,
2014-12-28,2662.882,2177.386474609375,,
2015-01-04,2572.654,1932.9417724609375,,
2015-01-11,2539.7816666666668,,2007.8348388671875,
2015-01-18,2530.7383333333332,,2070.7734375,
2015-01-25,2606.5583333333334,,2144.70947265625,
2015-02-01,2287.9500000000003,,2340.5947265625,
2015-02-08,1987.4933333333336,,1998.291015625,
2015-02-15,1818.5316666666665,,1739.9639892578125,
2015-02-22,1776.0583333333336,,1645.090576171875,
2015-03-01,1460.8550000000002,,1610.494140625,
2015-03-08,1426.9016666666666,,1303.69482421875,
2015-03-15,1381.8850000000002,,1233.954345703125,
2015-03-22,1731.9299999999998,,1195.3602294921875,
2015-03-29,1673.092,,1587.2603759765625,
2015-04-05,1927.2133333333331,,1560.0970458984375,
2015-04-12,2356.68,,1770.0067138671875,
2015-04-19,2332.79,,2290.5673828125,
2015-04-26,2123.233333333333,,2198.576171875,
2015-05-03,2292.134,,2043.843994140625,
2015-05-10,2684.838,,2210.958740234375,
2015-05-17,2815.103333333333,,2630.9248046875,
2015-05-24,2834.06,,2772.029541015625,
2015-05-31,3183.9816666666666,,2707.6826171875,
2015-06-07,3265.29,,3022.784912109375,
2015-06-14,3312.05,,3121.343505859375,
2015-06-21,3700.89,,3203.903564453125,
2015-06-28,3717.38,,3609.86962890625,
2015-07-05,3841.15,,3527.70947265625,
2015-07-12,7035.76,,3684.350830078125,
2015-07-19,7359.92,,7147.779296875,
2015-07-26,10223.83,,7184.41796875,
2015-08-02,14696.98,,10101.8857421875,
2015-08-09,19048.25,,14937.0361328125,
2015-08-16,18994.91,,18852.751953125,
2015-08-23,22625.56,,18951.021484375,
2015-08-30,45351.26599999999,,22382.623046875,
2015-09-06,43667.46,,47069.69921875,
2015-09-13,36832.07,,43351.72265625,
2015-09-20,21299.66,,34717.40625,
2015-09-27,13435.42,,19245.5625,
2015-10-04,12069.21,,10714.6015625,
2015-10-11,6351.84,,14609.947265625,
2015-10-18,4123.87,,4970.1435546875,
2015-10-25,3733.56,,722.0764770507812,
2015-11-01,3327.6,,-643.1111450195312,
2015-11-08,3181.895,,-379.62176513671875,
2015-11-15,3036.19,,1762.9893798828125,
2015-11-22,3033.85,,1484.5760498046875,
2015-11-29,2940.49,,1864.4371337890625,
2015-12-06,2791.603333333333,,2455.495361328125,
2015-12-13,2712.645,,2450.236328125,
2015-12-20,2525.6259999999997,,2447.272216796875,
2015-12-27,2007.2299999999998,,2275.681640625,
2016-01-03,1642.0633333333333,,1756.671875,
2016-01-10,1256.355,,1413.4892578125,
2016-01-17,1133.2633333333335,,1034.570068359375,
2016-01-24,998.3966666666665,,939.3546752929688,
2016-01-31,997.2633333333333,,828.7945556640625,
2016-02-07,980.4516666666667,,771.8297729492188,
2016-02-14,937.7933333333335,,791.7771606445312,
2016-02-21,902.768,,756.0608520507812,
2016-02-28,833.88,,785.9754028320312,
2016-03-06,793.38,,735.5568237304688,
2016-03-13,730.8066666666667,,723.3388061523438,
2016-03-20,956.3419999999999,,672.1432495117188,
2016-03-27,791.374,,915.9130249023438,
2016-04-03,443.7066666666667,,725.985595703125,
2016-04-10,932.6633333333333,,335.7327575683594,
2016-04-17,853.1379999999999,,934.4788818359375,
2016-04-24,707.4949999999999,,801.910888671875,
2016-05-01,985.4560000000001,,651.4962158203125,
2016-05-08,916.7133333333333,,987.981201171875,
2016-05-15,675.4383333333334,,787.8795166015625,
2016-05-22,773.61,,655.4038696289062,
2016-05-29,865.632,,776.1290283203125,
2016-06-05,947.335,,798.5264892578125,
2016-06-12,850.36,,936.4537963867188,
2016-06-19,830.48,,811.50537109375,
2016-06-26,1883.24,,728.8397827148438,
2016-07-03,6265.63,,1935.32666015625,
2016-07-10,6597.2,,6629.92578125,
2016-07-17,9814.22,,6576.419921875,
2016-07-24,19887.62,,9769.091796875,
2016-07-31,42768.54,,20736.21875,
2016-08-07,48388.325,,44461.796875,
2016-08-14,45220.34,,49028.65234375,
2016-08-21,42515.38,,43456.078125,
2016-08-28,53332.99,,41691.46875,
2016-09-04,54943.105,,54020.37109375,
2016-09-11,42556.72,,57422.03125,
2016-09-18,31254.19,,40567.89453125,
2016-09-25,27107.53,,27102.462890625,
2016-10-02,26566.92,,23025.62890625,
2016-10-09,22801.98,,25127.10546875,
2016-10-16,19037.04,,20697.224609375,
2016-10-23,19781.14,,14015.3544921875,
2016-10-30,10146.24,,14841.03125,
2016-11-06,6707.92,,5878.8388671875,
2016-11-13,6601.45,,4136.35546875,
2016-11-20,6538.03,,5066.6279296875,
2016-11-27,6291.96,,4130.14453125,
2016-12-04,4598.245000000001,,5300.02294921875,
2016-12-11,3551.73,,2086.850830078125,
2016-12-18,3258.198,,1525.1640625,
2016-12-25,2786.142,,2581.83056640625,
2017-01-01,2164.7483333333334,,2327.418212890625,
2017-01-08,1910.5916666666672,,,1731.216796875
2017-01-15,1582.3983333333335,,,1303.382080078125
2017-01-22,1470.5900000000001,,,1015.9182739257812
2017-01-29,1313.4916666666666,,,1132.129638671875
2017-02-05,1282.335,,,1053.6712646484375
2017-02-12,1141.8416666666665,,,992.1542358398438
2017-02-19,1070.1850000000002,,,935.3734130859375
2017-02-26,981.0899999999999,,,883.4397583007812
2017-03-05,988.015,,,851.7473754882812
2017-03-12,891.3066666666665,,,871.5087890625
2017-03-19,955.6966666666667,,,800.2803955078125
2017-03-26,969.9780000000001,,,864.4939575195312
2017-04-02,749.0016666666667,,,895.9465942382812
2017-04-09,957.995,,,643.4114379882812
2017-04-16,1106.1633333333334,,,918.1546020507812
2017-04-23,1059.7749999999999,,,1063.236572265625
2017-04-30,1134.5666666666666,,,988.9173583984375
2017-05-07,1324.174,,,1102.142822265625
2017-05-14,1136.3300000000002,,,1250.7159423828125
2017-05-21,1043.4033333333334,,,1076.3092041015625
2017-05-28,1089.0033333333333,,,1007.7095336914062
2017-06-04,1237.8766666666668,,,1044.7503662109375
2017-06-11,1754.64,,,1186.0906982421875
2017-06-18,1838.0700000000002,,,1772.75732421875
2017-06-25,1921.5,,,1758.2071533203125
2017-07-02,2695.7,,,1800.854248046875
2017-07-09,3469.9,,,2697.180908203125
2017-07-16,6630.88,,,3467.762939453125
2017-07-23,19837.51,,,6864.99658203125
2017-07-30,15444.82,,,20919.125
2017-08-06,19406.66,,,14853.546875
2017-08-13,21228.67,,,18832.1796875
2017-08-20,48078.41,,,21769.919921875
2017-08-27,49024.104999999996,,,49481.453125
2017-09-03,41472.426666666666,,,51173.23828125
2017-09-10,32721.44,,,37951.421875
2017-09-17,30159.02,,,31342.140625
2017-09-24,25919.46,,,27862.349609375
2017-10-01,17664.23,,,28125.912109375
2017-10-08,14197.48,,,16358.7431640625
2017-10-15,14230.77,,,10269.193359375
2017-10-22,12409.33,,,10162.865234375
2017-10-29,9506.66,,,9257.962890625
2017-11-05,6023.5,,,6828.65869140625
2017-11-12,6704.79,,,2796.837158203125
2017-11-19,6194.64,,,4525.9619140625
2017-11-26,5665.92,,,5187.849609375
2017-12-03,3889.726666666667,,,4465.818359375
2017-12-10,3305.186666666667,,,2613.377197265625
2017-12-17,2768.024,,,1866.827880859375
2017-12-24,2223.9066666666668,,,2252.133056640625
2017-12-31,1913.536,,,1740.4671630859375
2018-01-07,1616.5033333333333,,,1487.0745849609375
2018-01-14,1471.9916666666668,,,988.5623779296875
2018-01-21,1293.5216666666665,,,1018.5897827148438
2018-01-28,1243.5249999999999,,,987.6243286132812
2018-02-04,1209.1216666666667,,,964.0738525390625
2018-02-11,1165.415,,,1005.1873168945312
2018-02-18,1081.7733333333335,,,984.4066772460938
2018-02-25,1033.616,,,942.9810180664062
2018-03-04,978.5766666666668,,,908.2614135742188
2018-03-11,928.4883333333333,,,881.1454467773438
2018-03-18,951.3520000000001,,,844.9364624023438
2018-03-25,959.195,,,880.3781127929688
2018-04-01,811.2280000000001,,,881.9043579101562
2018-04-08,868.3633333333333,,,723.224853515625
2018-04-15,1039.092,,,804.1253662109375
2018-04-22,928.57,,,996.0632934570312
2018-04-29,964.8280000000001,,,860.035888671875
2018-05-06,1035.125,,,915.2217407226562
2018-05-13,961.4350000000001,,,975.2821044921875
2018-05-20,1017.1266666666667,,,891.47509765625
2018-05-27,1076.0149999999999,,,1003.5848999023438
2018-06-03,1159.6399999999999,,,1024.9632568359375
2018-06-10,1560.75,,,1101.247802734375
2018-06-17,1501.55,,,1555.8343505859375
2018-06-24,1576.87,,,1428.718994140625
2018-07-01,2332.26,,,1500.8421630859375
2018-07-08,3128.64,,,2359.122314453125
2018-07-15,7974.28,,,3126.7138671875
2018-07-22,8718.76,,,8350.1123046875
2018-07-29,9169.34,,,8718.0458984375
2018-08-05,10570.28,,,8774.6982421875
2018-08-12,32130.63,,,10701.7646484375
2018-08-19,32710.44,,,33708.640625
2018-08-26,32529.92,,,33345.92578125
2018-09-02,33965.075,,,31039.373046875
2018-09-09,38367.5,,,33915.94140625
2018-09-16,40749.14,,,36994.88671875
2018-09-23,32235.58,,,43107.09375
2018-09-30,23722.02,,,30875.80078125
2018-10-07,13375.4,,,20484.228515625
2018-10-14,10133.7,,,10633.8076171875
2018-10-21,9001.58,,,8327.2783203125
2018-10-28,7714.42,,,7939.904296875
2018-11-04,6791.14,,,4377.9228515625
2018-11-11,6625.47,,,3308.77734375
2018-11-18,6491.38,,,3160.57470703125
2018-11-25,6034.6,,,4387.8173828125
2018-12-02,5780.073333333334,,,4957.78564453125
2018-12-09,5030.170000000001,,,4938.5869140625
2018-12-16,3452.9979999999996,,,4246.419921875
2018-12-23,2467.791666666667,,,2765.091552734375
2018-12-30,2156.515,,,1958.4888916015625
